<?xml version="1.0" encoding="UTF-8"?>
<!-- generated by: Y. C. Lee -->
<config randomSeed="1024">   
  <servers>
	<server type="small" limit="20" bootupTime="60" hourlyRate="0.2" coreCount="2" memory="4000" disk="16000" />
	<server type="medium" limit="20" bootupTime="60" hourlyRate="0.4" coreCount="4" memory="16000" disk="64000" />
	<server type="large" limit="10" bootupTime="80" hourlyRate="0.8" coreCount="16" memory="64000" disk="512000" />
	<server type="MQ_Cloud_large" limit="30" bootupTime="70" hourlyRate="0.6" coreCount="8" memory="32000" disk="256000" />
	<server type="very_very_very_very_very_very_large" limit="10" bootupTime="120" hourlyRate="3.2" coreCount="64" memory="256000" disk="2049000" />
  </servers>
  <jobs>
	<job type="instant" minRunTime="1" maxRunTime="30" populationRate="10" />
	<job type="short" minRunTime="31" maxRunTime="180" populationRate="30" />
	<job type="medium" minRunTime="181" maxRunTime="600" populationRate="30" />
	<job type="long" minRunTime="601" maxRunTime="1800" populationRate="20" />
	<job type="verylong" minRunTime="1801" maxRunTime="100000" populationRate="10" />
  </jobs>
  <workload type="towardshigh" minLoad="60" maxLoad="80" />
  <termination>
	<condition type="endtime" value="2592000" />
	<condition type="jobcount" value="1000" />
  </termination>
</config>