<?xml version="1.0" encoding="UTF-8"?>
<!-- generated by: Y. C. Lee -->
<config randomSeed="65535">   
  <servers>
	<server type="t1.micro" limit="2" bootupTime="30" hourlyRate="0.2" coreCount="2" memory="4000"
	 disk="16000" />
	<server type="t1.small" limit="2" bootupTime="40" hourlyRate="0.4" coreCount="2" memory="8000" disk="32000" />
	<server type="t1.medium" limit="2" bootupTime="40" hourlyRate="0.4" coreCount="4" memory="16000" disk="64000" />
	<server type="t2.aws" limit="1" bootupTime="60" hourlyRate="0.8" coreCount="16" memory="64000" disk="512000" />
  </servers>
  <jobs>
	<job type="short" minRunTime="1" maxRunTime="300" populationRate="30" />
	<job type="medium" minRunTime="301" maxRunTime="1800" populationRate="40" />
	<job type="long" minRunTime="1801" maxRunTime="100000" populationRate="30" />
  </jobs>
  <workload type="unknown" minLoad="50" maxLoad="60" />
  <termination>
	<condition type="endtime" value="604800" />
	<condition type="jobcount" value="20" />
  </termination>
</config> 
